,iteration,train angle_reward,train ce,train loss,train room,val_seen angle_reward,val_seen ce,val_seen length,val_seen loss,val_seen oracle success_rate,val_seen room,val_seen spl,val_seen success_rate,val_unseen angle_reward,val_unseen ce,val_unseen length,val_unseen loss,val_unseen oracle success_rate,val_unseen room,val_unseen spl,val_unseen success_rate
0,100,4.243266949653625,90.1148872756958,186.8860191345215,75.5547981262207,4.075875155131022,55.4664665222168,21.49368962525968,151.3986087375217,0.06535488404778636,75.55276540120443,0.008173516443614939,0.015460295151089248,4.642120125057461,60.3806458894197,21.168057185425756,159.13342243916279,0.12524850894632206,75.54217584283502,0.014318277648078729,0.027264981539335417
1,200,4.119435362815857,46.97755481719971,143.12139038085937,75.54665885925293,4.283941660987006,42.327676645914714,21.937502612993075,139.29087626139324,0.03373155305692199,75.54349178738065,0.010837919532421957,0.02178496134926212,4.605334069277789,44.91315556431676,20.987598118124644,143.47815862432256,0.04799772791820506,75.53833344605592,0.009292195169294385,0.019880715705765408
2,300,4.048489253520966,37.37070125579834,133.15773811340333,75.54458976745606,4.178000047471788,36.359573957655165,19.850981205904308,132.79531962076823,0.06605762473647224,75.54574534098307,0.009380432755562367,0.018271257905832748,4.523772630605611,36.7100986274513,19.199924574302248,134.86810467694258,0.10905992615734167,75.53914278047579,0.01248980309533302,0.02698097131496734
3,400,3.927829248905182,32.46371103286743,127.64524826049805,75.54239097595215,3.985283199946086,31.120276090833876,19.565323946839904,126.58696645100912,0.08713984539704848,75.54027438693576,0.02986396170321262,0.05340829234012649,4.5794257129634826,35.05050574981414,19.493564347221636,133.48603848294096,0.1172962226640159,75.53840417260523,0.026451410875808174,0.055666003976143144
4,500,3.893654835224152,30.082964305877685,125.09410758972167,75.5428694152832,3.958263471391466,30.741040844387477,20.15505895268347,126.07580752902561,0.08643710470836262,75.54345008002387,0.004567829623359128,0.009135628952916374,4.5655923834792125,35.28940362328881,20.785445579238644,133.65897939871024,0.128656631638739,75.54161374203794,0.025877054469158358,0.05964214711729622
5,600,3.820237650871277,28.16684476852417,122.80746299743652,75.53942893981933,4.0569188594818115,28.137688191731772,19.947328886537967,123.96075931125218,0.07167955024595925,75.5384772406684,0.006811483125340391,0.014054813773717497,4.61661932704685,31.800221846984314,19.820551065762345,130.42210161363755,0.07157057654075547,75.53878413019953,0.007420399662644979,0.01732462368645271
6,700,3.7744667291641236,27.604692306518555,122.01903038024902,75.54200416564942,4.12442520989312,30.77130733066135,19.473330389765042,126.93191884358724,0.14195361911454674,75.53848554823134,0.05921278547187048,0.09135628952916373,4.700632486257467,33.98344930013021,19.720920284300743,133.02667023254944,0.11019596705481398,75.54005768921998,0.014317804096380508,0.030389094007384265
7,800,3.7417358565330505,26.40731496810913,120.65507820129395,75.53908401489258,3.9888931115468345,27.534098943074543,20.94371027897935,123.01768680148655,0.13843991567111735,75.53912251790365,0.029069932220275402,0.059030217849613494,4.581607547966209,31.4406920596286,19.18012806407125,129.89209011868314,0.05708605509798353,75.54336039225261,0.014787968117689506,0.03408122692416927
8,900,3.6501477003097533,25.75180561065674,119.54191101074218,75.5393669128418,3.99251668188307,28.606925031873914,19.222470076992522,124.1050270928277,0.1433591004919185,75.53551856146919,0.03309201846570999,0.07449051300070274,4.539768309206576,31.08529551394351,19.03190180070928,129.3212882377006,0.11644419199091167,75.53715109610343,0.023498242642394796,0.04686168702073275
9,1000,3.666998839378357,25.91363000869751,119.78764144897461,75.53901779174805,4.020146242777506,26.951526726616752,19.573847398756595,122.59098510742187,0.17217146872803935,75.53872731526693,0.04929772800347641,0.09486999297259312,4.571705536799388,29.869658478745468,18.65445656821443,128.26967978262687,0.08605509798352741,75.54149393992381,0.014686875104800108,0.03180914512922465
10,1100,3.5952718591690065,24.032221374511717,117.55258743286133,75.54400650024414,4.032664246029324,26.786991416083442,19.343501352515936,122.49229058159722,0.1602248770203795,75.54197862413194,0.05755487271278619,0.09978917779339423,4.502206694972408,29.51293221894685,19.610938413847588,127.5678262109155,0.06929849474581085,75.54386063309403,0.0069147744727523774,0.015904572564612324
11,1200,3.602331085205078,24.109973316192626,117.66217826843261,75.54054916381835,3.890294557147556,26.335130140516494,18.7814729574442,121.32380930582683,0.17849613492621222,75.53720652262369,0.04022678673668519,0.08854532677442024,4.488057190233523,29.350879600456167,19.0646118159811,127.3326420139622,0.12098835558080091,75.54147648166966,0.016789980441688775,0.038341380289690426
12,1300,3.483618235588074,23.33443256378174,116.30657341003418,75.55404899597168,3.890317079755995,25.48619482252333,21.17130068267506,120.48893907335069,0.2101194659170766,75.55115831163195,0.052833699249723934,0.09697821503865074,4.595931422603023,29.78440758988664,20.777350629805166,128.32235834620022,0.09713149673388242,75.55829352301521,0.0168574716969568,0.0374893496165862
13,1400,3.4249189400672915,23.25535245895386,115.93761512756348,75.55766769409179,3.8415496190389,25.737490632798938,18.731376497487656,120.50005052354601,0.2122276879831342,75.5548117743598,0.06778189698124028,0.1314125087842586,4.52108857438371,29.73291945242667,19.256940735895306,127.89524676348712,0.10849190570860551,75.556884765625,0.022166597604463312,0.05168986083499006
14,1500,3.389605853557587,22.075042114257812,114.58140632629394,75.55833526611327,3.802623658710056,25.950551011827258,19.980665840075144,120.51594662136502,0.19957835558678846,75.55227661132812,0.033192772473996345,0.0758959943780745,4.43239917626252,29.69969910973901,20.256191724073187,127.4190669704128,0.14654927577392787,75.55737194714246,0.01710322022586309,0.03805737006532235
15,1600,3.350480864048004,22.680602989196778,114.98688896179199,75.55388191223145,3.889820777045356,25.418691847059463,20.724446641872238,120.41942291259765,0.24877020379479972,75.55162760416667,0.060696365094384586,0.11595221363316936,4.381439056482401,27.89367490201383,20.17557023376646,125.35626605609515,0.10820789548423743,75.55539559029243,0.01675667912632011,0.03578528827037773
16,1700,3.2197838735580446,22.17029857635498,113.82391319274902,75.5546954345703,3.932405122121175,28.25864889356825,14.413586643170763,123.47271728515625,0.1567111735769501,75.55204264322917,0.07473488336423376,0.10049191848208011,4.369387568654241,28.6371035189242,16.212189907625373,126.04192799061268,0.09258733314399319,75.55788641577368,0.03959597579176593,0.04799772791820506
17,1800,3.211360819339752,21.896581954956055,113.50546089172363,75.55207389831543,3.9140239715576173,26.57414682176378,18.867949436207706,121.69198184543185,0.28742094167252286,75.54771491156684,0.06023884539369969,0.11454673225579762,4.387079696397524,28.721848857295406,19.24561813948547,126.20870133133621,0.14910536779324055,75.55145394265115,0.03957871278610764,0.08065890372053394
18,1900,3.1694605636596678,20.99871717453003,112.39606948852538,75.5500498199463,3.821153121524387,26.7021731906467,17.044532879563807,121.3523678249783,0.27898805340829236,75.54442799886068,0.12235165825074482,0.16163035839775122,4.363985396720268,28.303281131091417,19.543256044294758,125.67326849860115,0.17069014484521441,75.55006037531672,0.03906867072785222,0.07469468900880431
19,2000,3.0548117995262145,20.915216541290285,111.73879615783692,75.54952079772949,3.7451645692189532,27.20620452033149,19.407296558671064,121.47830488416884,0.22557976106816585,75.54627753363715,0.08649110625082577,0.14476458186929023,4.326461996044125,29.905375300226986,20.175793618767887,127.08914294543567,0.1860266969610906,75.55145731058207,0.047296211179388564,0.09258733314399319
20,2100,3.0053626608848574,20.59767816543579,111.17209358215332,75.5476025390625,3.8149224705166285,26.299242231580948,15.448478305278101,120.91358456081814,0.24595924104005623,75.53973100450304,0.11669889830503158,0.1595221363316936,4.358115718171403,28.786403896572352,15.77104858619873,126.12188294556763,0.11587617154217551,75.54490084261508,0.03710768309924797,0.0562340244248793
21,2200,2.915291621685028,20.1809361743927,110.30151054382324,75.54411651611328,3.6888326168060304,26.762363730536567,18.738643791363792,120.74571685791015,0.31834153197470133,75.53918999565973,0.10285205280984847,0.1735769501054111,4.210787051432842,28.656009192939276,19.76772623652583,125.25647364435969,0.20704345356432832,75.54652913411458,0.05075644778276963,0.09684748650951434
22,2300,2.838513708114624,19.51607847213745,109.24980995178223,75.5411627960205,3.6689882967207166,25.78797713385688,17.221906306256983,119.66543935139974,0.2803935347856641,75.53251953125,0.11145347558632444,0.16584680252986647,4.332908299592164,28.004546741107564,19.942985101455474,125.21108225229624,0.17324623686452711,75.54199473063152,0.04462214087437903,0.08179494461800625
23,2400,2.754953763484955,19.878724918365478,109.19111312866211,75.53761909484864,3.7153352896372476,26.302313486735027,14.283031608599593,120.41244150797526,0.2628250175685172,75.53345167371961,0.14191762635969826,0.17146872803935348,4.307442083015098,27.822501414530986,16.133205923745198,124.90000296927788,0.1846066458392502,75.54029090125282,0.07201982047391012,0.10252769099687589
24,2500,2.70524263381958,19.821460437774657,108.88555908203125,75.53788581848144,3.656797244813707,27.227899720933703,12.720783247813145,121.04469706217448,0.24877020379479972,75.53281199137369,0.13654199459420252,0.16584680252986647,4.437615482656805,30.25741597768423,13.844392311524294,127.98552765717378,0.10621982391366089,75.54003418243683,0.0505512712206004,0.06219823913660892
25,2600,2.7121851670742037,19.459885568618773,108.56108200073243,75.54027038574219,3.5519448280334474,25.21748661465115,15.61519562237073,118.50801595052083,0.3752635277582572,75.53080529106988,0.21316644041645907,0.2656359803232607,4.400936985875036,28.81295107936,17.217935367180363,126.35679392771678,0.15989775631922748,75.53915803926485,0.05488775553492745,0.07980687304742971
26,2700,2.6703698420524598,19.04985421180725,107.94021255493163,75.53850898742675,3.551554870605469,26.107787534925674,19.26516054243952,119.3978995429145,0.44413211524947294,75.53233744303385,0.14109012282628783,0.2157413914265636,4.186082418974455,28.956630792703713,20.419886828983767,125.42752233281865,0.2033513206475433,75.54047957411757,0.04466942444396344,0.07810281170122124
27,2800,2.5345229494571684,17.971058788299562,106.17422500610351,75.53055137634277,3.5718820254007975,25.682311969333224,12.834331183430832,119.06541917588976,0.36191145467322555,75.52369605170355,0.22288177560658626,0.2607167955024596,4.386646573607986,29.210334640365463,14.156607535389819,126.67653085519602,0.12922465208747516,75.53296365823832,0.04722136569818709,0.06418631070718546
28,2900,2.507788212299347,17.729912033081053,105.80097244262696,75.53211952209473,3.5278429879082576,27.09825871785482,18.371422026283344,120.26459028455946,0.39353478566408995,75.52711673312717,0.15118076883416975,0.22276879831342233,4.207276131655719,28.673564326655757,19.440251428120213,125.24645673047316,0.18375461516614597,75.53651139542863,0.040018866518965975,0.08435103663731894
29,3000,2.516620533466339,18.246583185195924,106.36093978881836,75.53125427246094,3.582894780900743,23.67745984395345,16.85789635949678,117.12042049831814,0.39915671117357693,75.52848663330079,0.20129496579163536,0.2550948699929726,4.296273661089373,26.118098714330173,19.611008989459894,123.13809967041016,0.1573416642999148,75.53863257330818,0.0403030299923771,0.07554671968190854
30,3100,2.4430822670459746,17.493209648132325,105.24090065002441,75.53227935791016,3.532816833919949,24.473880343967014,19.010575529399972,117.66815795898438,0.4026704146170063,75.53019341362847,0.1694281161040224,0.2663387210119466,4.3210678122065085,27.429235956690334,19.809651575705747,124.57364668287673,0.1848906560636183,75.53907184772663,0.03555371391791196,0.073558648111332
31,3200,2.4601923882961274,17.445086755752563,105.27787162780761,75.53182327270508,3.5398977809482153,25.340485297309026,13.627642033100193,118.5674550374349,0.3394237526352776,75.52748074001737,0.23014377274107237,0.2565003513703443,4.343339778281547,28.54142104827606,15.403241330748179,125.79516333502693,0.14257313263277477,75.53704318484745,0.057346073540982805,0.08037489349616586
32,3300,2.3670411574840546,17.02447690963745,104.3887547302246,75.52907165527344,3.4432693481445313,23.840055974324546,16.73775502026977,116.57789255777995,0.38861560084328883,75.52149030897353,0.2241738536622511,0.2796907940969782,4.299909535829012,27.413758045918232,18.92616299626171,124.4441720086175,0.22266401590457258,75.53086646827492,0.06263464079702166,0.09571144561204203
33,3400,2.374233833551407,17.262736139297484,104.6560304260254,75.52212516784668,3.3501277923583985,25.72155787150065,16.416940504743874,117.99200795491537,0.4364019676739283,75.51981268988715,0.22980754431582845,0.2747716092761771,4.282959048812454,29.17839459256009,19.154095166806744,126.1231262619431,0.23061630218687873,75.52993650694151,0.04593975214641591,0.07895484237432547
34,3500,2.2822057890892027,16.36530954360962,103.29892875671386,75.52258995056152,3.60866748491923,26.6866337246365,12.323118809502741,120.24524214002821,0.37947997189037247,75.51527286105686,0.2626135133348574,0.2916373858046381,4.423764505901852,29.28428146431038,14.536908393901733,126.93065382124067,0.1459812553251917,75.52755091211817,0.05457618300281677,0.07412666856006817
35,3600,2.3132837879657746,16.547423734664918,103.63412574768067,75.520283203125,3.493814934624566,23.792988204956053,14.199527819782297,116.77874382866753,0.3703443429374561,75.51668073866102,0.2633855522684163,0.2986647926914968,4.375503050314413,27.58960079502415,17.273293747207408,124.99454862577421,0.17125816529395058,75.52743227846987,0.068583289362024,0.08917921045157626
36,3700,2.1867986834049224,16.14973262786865,102.60133308410644,75.51760726928711,3.466767586602105,25.704984919230142,15.160654001957054,118.55190022786458,0.3858046380885453,75.51307712131076,0.24660776125930886,0.2768798313422347,4.431676587542972,29.152765720814198,16.555101789300835,126.83366284069714,0.1647259301334848,75.52251379339545,0.05927686325688708,0.08946322067594434
37,3800,2.3444656145572664,16.729676923751832,103.9708861541748,75.51888076782227,3.3769448227352568,23.515361913045247,15.895555283821635,115.91227010091146,0.39704848910751933,75.51218380398221,0.25661969681962726,0.30990864371047083,4.40111611340497,28.412085936950135,17.861708732609394,125.93992924045872,0.16273785856290826,75.52226305437517,0.05257750332570521,0.07526270945754047
38,3900,2.2127578496932983,16.35660041809082,102.93204055786133,75.51165077209473,3.348998853895399,24.33924386766222,15.448740847901028,116.59420064290364,0.45256500351370343,75.50996229383681,0.2991090228137891,0.34293745607870696,4.317444393226692,28.270694492099523,17.86378232181639,125.3787142779376,0.19568304458960523,75.52079772949219,0.07284986006419411,0.10905992615734167
39,4000,2.203288321495056,16.03624583244324,102.5663663482666,75.51367897033691,3.1534178998735216,22.66620072258843,17.81410137299339,113.9382571750217,0.5214335910049192,75.50496571858724,0.29726952190712985,0.38229093464511593,4.2830971876780195,27.58467586620434,20.16135142837153,124.51732889811198,0.21755183186594718,75.51716696249473,0.0422775906623697,0.09059926157341665
40,4100,2.099892642498016,15.765076780319214,101.77024047851563,75.50570007324218,3.3779478073120117,23.359839291042753,15.366903033819796,115.74928775363499,0.4040758959943781,75.49970906575521,0.2543287261464833,0.2951510892480675,4.329124373358649,26.595384202561938,18.300331298142186,123.7558973157728,0.202215279750071,75.51489175332559,0.0688769036407738,0.10792388525986936
41,4200,2.096053969860077,15.647988996505738,101.63005973815918,75.50180145263671,3.269415299097697,23.8869930267334,15.987259490951867,115.73292744954428,0.4532677442023893,75.49885711669921,0.2785867211832855,0.3141250878425861,4.158238494718397,26.471950891855602,19.125375191297103,122.77240945627024,0.2260721385969895,75.50926627769127,0.07530628632077621,0.13433683612610053
42,4300,2.0851762926578523,15.446016292572022,101.37162490844726,75.49972702026368,3.2484117348988852,23.76968676249186,14.980787932653078,115.50950232611763,0.3773717498243148,75.49775661892362,0.24086157511224734,0.286718200983837,4.198310809092479,26.300028826739336,17.89822612372238,122.80443999144408,0.24652087475149106,75.51285738558383,0.06270480134369051,0.10082362965066742
43,4400,2.0569992446899414,15.528349657058715,101.31214500427247,75.49879905700683,3.3666814963022866,23.494869020250107,15.617227106822321,115.82169121636285,0.4905130007027407,75.49341532389323,0.3316152530182613,0.3724525650035137,4.255965557184306,27.595250430407823,18.496400555502664,124.38065970480979,0.23771655779608067,75.50558169253237,0.06801151651170895,0.11843226356148821
44,4500,2.0681550657749175,15.292564659118652,101.13145866394044,75.49811874389648,3.3472671614752874,23.47651309967041,16.87785149982607,115.70994923909505,0.4567814476458187,75.49709998236762,0.2859527132280319,0.33801827125790584,4.306852684364663,26.637051453461517,19.74806470159372,123.68147477158556,0.19142289122408407,75.51015953545098,0.04802763228456009,0.0886111900028401
45,4600,1.9556032514572144,14.580330514907837,99.85057739257813,75.49223030090332,3.1967565218607583,22.99374843173557,16.55924718131933,114.4657960679796,0.4954321855235418,75.48826497395834,0.2918472064172271,0.3359100491918482,4.265025244102822,26.239272951005816,19.807346239294482,123.06735057658977,0.25646123260437376,75.50295168215091,0.057565541086881264,0.10905992615734167
46,4700,1.9932407426834107,15.178159856796265,100.63212074279785,75.48775672912598,3.1950400352478026,21.83066685994466,15.351580146967336,113.29087982177734,0.4617006324666198,75.48501281738281,0.34039031984219387,0.3865073787772312,4.237868590397878,26.335079553964977,18.56198478590761,123.02444320541244,0.19057086055097983,75.50002061998522,0.062142709889691866,0.0985515478557228
47,4800,1.99593998670578,15.062918386459351,100.53376129150391,75.49114303588867,3.2918287012312146,23.47321302625868,17.274504021591177,115.42058376736111,0.48910751932536894,75.48822716606988,0.2582776232044085,0.3253689388615601,4.3728401489085975,28.157545914521087,19.53926317443441,125.52617686503642,0.1936949730190287,75.50443054749086,0.03900812381971888,0.0786708321499574
48,4900,1.95732825756073,14.520569877624512,99.79446640014649,75.48725509643555,3.0678468969133164,22.428681733873155,15.276462135738674,113.25040724012587,0.4715390021082221,75.48249121771919,0.32756358366769345,0.38229093464511593,4.297075056814933,27.399127461888767,18.49303367112673,124.38248113683753,0.2209599545583641,75.49797814171593,0.056720034858232564,0.09627946606077818
49,5000,1.912863941192627,14.09197205543518,99.13255630493164,75.4762644958496,3.3227320671081544,24.368115785386827,11.119389198424939,116.45565151638455,0.3942375263527758,75.4738759358724,0.32431126120141057,0.3583977512297962,4.332913486807196,28.282407554420264,13.551699432038038,125.4358906101536,0.18631070718545867,75.48891600187834,0.08594443037880832,0.10536779324055666
50,5100,1.9167753088474273,14.1282346534729,99.19570175170898,75.48359100341797,3.296376927693685,22.732580820719402,16.692979188786232,114.69342329237196,0.4483485593815882,75.47895812988281,0.29225943781964875,0.35699226985242444,4.294303713618098,26.162523493036492,19.591155052931683,123.12839542423282,0.20249928997443908,75.4943532857809,0.04974966291533887,0.08917921045157626
51,5200,1.8180456149578095,14.349994592666626,98.92328353881835,75.48306007385254,3.0759130477905274,23.358566368950736,15.343674393838869,114.22025112575955,0.5439212930428672,75.48211941189236,0.35742374665652776,0.41321152494729446,4.250499922949989,28.564893378867758,17.86481782622532,125.31315530313027,0.24481681340528258,75.4957620431711,0.07746179830127464,0.1235444476001136
52,5300,1.7798112726211548,14.082939043045045,98.39347610473632,75.411480178833,3.2353135532803003,22.860340118408203,13.110641249019524,114.52231920030383,0.4898102600140548,75.48541107177735,0.3760411361163326,0.39634574841883347,4.329187773369454,27.600417180104298,16.266871834840224,124.74501663070541,0.1533655211587617,75.49866052576013,0.052859377736710636,0.0823629650667424
53,5400,1.989639492034912,15.574022417068482,101.009965133667,75.48774520874024,3.2369802051120335,23.53987587822808,14.061175445334335,115.21583387586806,0.4785664089950808,75.49105750189887,0.33150449097548856,0.37666900913562895,4.225777900970734,27.34145671397716,17.953161324517147,123.97570182181694,0.18943481965350753,75.50535535382795,0.06220959908656751,0.09684748650951434
54,5500,1.8910991632938385,14.362947101593017,99.32097747802734,75.50253463745118,3.1780411614312065,23.570627551608617,15.55860423141391,114.9535864935981,0.5122979620520028,75.49275258382161,0.3632696572580535,0.41672522839072385,4.272331181947176,26.640150516956776,17.570004611849058,123.50900309794658,0.2309003124112468,75.50719671850806,0.07057860976937531,0.10763987503550128
55,5600,1.7993374407291411,14.283747167587281,98.77842697143555,75.49799263000489,3.0794193691677516,22.658512412177192,14.860457062676149,113.5386749267578,0.47716092761770906,75.48306545681423,0.36430279817337363,0.4026704146170063,4.171723432369061,26.285128756686372,16.993867603696565,122.64120222211957,0.2260721385969895,75.49745638735659,0.0836967797321675,0.13376881567736437
56,5700,1.756631644964218,13.449769639968872,97.71906562805175,75.48613761901855,3.0617482238345675,22.18749302758111,14.956980144325657,112.98675265842014,0.47224174279690795,75.49051835801866,0.3372350157703448,0.3773717498243148,4.1850994170249045,27.115973326536984,17.096695752042848,123.543010127437,0.20249928997443908,75.50153996922948,0.06659038132391508,0.09826753763135473
57,5800,1.784771682024002,14.010929718017579,98.42415458679199,75.48936637878418,2.99549118147956,21.72220107184516,16.174334652505234,112.18087378607856,0.5347856640899508,75.48121660020617,0.32815329761641804,0.3956430077301476,4.168201904039125,25.87178658150338,19.84391379161788,122.2066132828996,0.2309003124112468,75.49381730363176,0.0574851230761423,0.12098835558080091
58,5900,1.7314484632015228,13.283914756774902,97.42460525512695,75.48344848632813,3.040208758248223,24.67960628933377,15.679123035657524,115.36368594699435,0.4792691496837667,75.48303561740451,0.35091203181475217,0.40548137737174983,4.288942811725376,28.481223733575494,17.512464720785555,125.42457498086465,0.2161317807441068,75.49863722517684,0.08006206435645537,0.12070434535643283
59,6000,1.6714093351364137,13.14338207244873,96.98565437316894,75.48522552490235,3.2353751288519965,23.908029386732313,12.161485254300798,115.56932542588976,0.40688685874912156,75.48442026774089,0.32177136085598307,0.3408292340126493,4.323403942692387,28.22284947644483,14.178157500104202,125.33782044831698,0.1474013064470321,75.49795161066828,0.0666351711696173,0.08548707753479125
60,6100,1.5944703590869904,12.491962766647339,95.95265487670899,75.48834030151367,3.1113432937198215,21.833821084764267,13.580068536344351,112.87416585286458,0.4111033028812368,75.48362850613064,0.3063059461704281,0.33801827125790584,4.320120622445871,25.94950988700798,15.692199282089343,123.04885733664572,0.1971030957114456,75.49874451783326,0.07862332134938199,0.1124680488497586
61,6200,1.539342634677887,11.992394914627075,95.17476440429688,75.48565673828125,2.976106760236952,19.987425571017795,16.622505451802997,110.3509012858073,0.4848910751932537,75.48294169108073,0.30943972152648536,0.36542515811665494,4.148767262965709,24.61930513811541,19.496489024063305,120.86057446454022,0.2485089463220676,75.49743294930673,0.06483967672737763,0.12496449872195399
62,6300,1.5186199533939362,11.631100864410401,94.70338081359863,75.47917999267578,2.957400173611111,21.49228555891249,13.432941219259616,111.75190870496962,0.5193253689388616,75.47262251112195,0.3944436009381951,0.4279690794096978,4.2106850211684765,26.052262211705113,15.861708180476924,122.59530227248733,0.21698381141721101,75.48961467571087,0.07248905912501848,0.10508378301618858
63,6400,1.476620586514473,11.65875310897827,94.51592544555665,75.47406967163086,3.005667633480496,20.766926829020182,15.209013058732346,111.26833106146918,0.5699226985242446,75.47306467692057,0.40476482656759194,0.45397048489107517,4.217176750973538,25.595292718560845,18.236960613883195,122.16824017773878,0.2422607213859699,75.48706343367293,0.06556831929397135,0.11076398750355013
64,6500,1.4411291354894638,11.629595088958741,94.23542274475098,75.40018211364746,3.013631905449761,22.25631241268582,14.189758714212461,112.79240027533638,0.5397048489107519,75.46792907714844,0.39083290614286526,0.43710470836261417,4.2499580555134,27.08213302681038,15.407082940707848,123.81482572813292,0.19511502414086906,75.48290259558875,0.0659654529481845,0.09542743538767395
65,6600,1.4820512068271636,11.653181409835815,94.45897102355957,75.39553375244141,2.896976523929172,22.029081281026205,13.574580171165506,111.97345564100478,0.5874912157413914,75.45949147542318,0.44342333862039396,0.49262122276879833,4.288793677682275,26.850156749690974,15.813222238441012,123.76870548832524,0.2033513206475433,75.47457995715442,0.07691142678998363,0.1161601817665436
66,6700,1.4085126847028733,11.456565732955932,93.95955459594727,75.46042556762696,2.962570815616184,21.14242803785536,14.414518555112805,111.41226230197482,0.5544624033731553,75.45698055691189,0.42278478285604454,0.46732255797610683,4.192880759368071,25.75822806143546,16.88137962466561,122.19759925636086,0.20675944333996024,75.47496671934385,0.07111771689150707,0.10650383413802897
67,6800,1.4174510818719863,11.276977171897888,93.82675048828125,75.46251785278321,2.9695449776119656,20.40860521528456,13.637136982520174,110.70452609592014,0.533380182712579,75.44819539388021,0.4085873914830814,0.45186226282501757,4.319532740223515,26.008936237644505,16.871551940557392,123.07401509327931,0.20647543311559216,75.46741547455659,0.07195452411827548,0.11388809997159897
68,6900,1.4107958263158797,11.271019964218139,93.77827613830567,75.45327659606933,2.8874412536621095,21.565684848361546,15.146801768097095,111.45143025716146,0.5305692199578356,75.44853854709201,0.37079975244301644,0.4181307097680956,4.234477255795453,27.40078556645024,17.865471749219186,124.03982303378818,0.24992899744390798,75.4666506105715,0.07643391210286138,0.13405282590173245
69,7000,1.4601321387290955,11.564536385536194,94.31538490295411,75.45018745422364,3.0042739391326903,21.126008542378745,13.288034854130498,111.59925350613064,0.5432185523541813,75.45187513563368,0.4123723151897739,0.4427266338721012,4.349411738885416,26.46193755209983,15.324411724949242,123.67850996137739,0.2073274637886964,75.46951328311954,0.06879810827241312,0.09599545583641012
70,7100,1.4396027791500092,11.068862094879151,93.6485945892334,75.38171836853027,2.989683151245117,22.246474944220648,14.24277463582377,112.6368423461914,0.5769501054111033,75.44195251464843,0.41608914370322814,0.4715390021082221,4.236569359495833,27.233355427647496,17.910291390534375,123.87926448787655,0.21300766827605794,75.46306218327703,0.06022077093901313,0.10451576256745243
71,7200,1.333583295941353,11.00525768995285,93.05154357910156,75.37836967468262,2.857391606436835,21.689534844292535,14.45776122813105,111.41276465521918,0.5488404778636683,75.43627166748047,0.3755649840038941,0.42726633872101194,4.221973384822811,28.111720952901756,17.221398183468036,124.67988112166121,0.23288838398182335,75.45829319309544,0.07342362096215134,0.13149673388241978
72,7300,1.367268807888031,10.976176166534424,93.25526794433594,75.44274787902832,2.8178834544287787,20.930051930745442,14.394506369857432,110.46122690836589,0.6212227687983134,75.44175788031684,0.4296968899785361,0.4785664089950808,4.255285879513165,26.501327188165337,17.50965184024403,123.23760457081838,0.24112468048849758,75.45984828364742,0.07504567175874886,0.1187162737858563
73,7400,1.3612118989229203,11.15405152797699,93.39560218811035,75.43549102783203,2.900180557039049,20.958871417575413,13.277767903455324,110.8946304321289,0.5600843288826423,75.43485717773437,0.4206162368317755,0.46591707659873505,4.203876903465202,26.281511976912213,16.967689355292833,122.7532795399159,0.2297642715137745,75.45238357406478,0.07179686351022717,0.11587617154217551
74,7500,1.4046454226970673,10.954280133247375,93.40235054016114,75.42484352111816,2.8475421110788983,21.04144475724962,14.730947329152963,110.70516950819227,0.5354884047786367,75.42601437038846,0.35958541737328015,0.41040056219255094,4.256594032854648,26.47741190592448,18.548073855750797,123.20759218233125,0.23516046577676797,75.44720953864021,0.04791893488046146,0.09059926157341665
75,7600,1.356990676522255,11.042532639503479,93.25049171447753,75.42300605773926,2.910951868693034,21.54121403164334,14.035762325801361,111.50972052680122,0.5495432185523542,75.4137466430664,0.3827959907625518,0.4293745607870696,4.254568961289552,27.344551670658696,17.182678554827795,124.052758569116,0.23658051689860835,75.43536150133288,0.07885360243285741,0.12752059074126668
76,7700,1.3386009120941162,10.912457756996155,93.01356498718262,75.4081029510498,2.9569251855214436,21.744855244954426,13.857151598872216,111.93516065809462,0.5783555867884751,75.40567830403646,0.4297882992008732,0.4792691496837667,4.297013166788462,27.189700049323005,16.41292183132266,124.10411229863897,0.17012212439647828,75.42934685784417,0.06021458109960868,0.09968758875319511
77,7800,1.2988545113801957,10.71860526561737,92.61891677856445,75.40603897094726,2.8737867143419056,22.3945402569241,12.668389290772016,112.16207919650607,0.5432185523541813,75.39860449896918,0.4661459962361039,0.500351370344343,4.206070717390593,26.864271112390465,15.178899240656609,123.31862784720757,0.16813405282590174,75.42400291374138,0.06825459319753696,0.10309571144561204
78,7900,1.3075782817602157,10.815387277603149,92.74898345947265,75.3957048034668,2.830698659684923,20.171860016716852,14.614163875703152,109.71485968695747,0.6015460295151089,75.38950602213542,0.4276571633587975,0.4848910751932537,4.199926891842404,26.172938870954084,17.27637981742625,122.58953293808946,0.19767111616018176,75.41695947045679,0.07055168867949102,0.1161601817665436
79,8000,1.2702502590417861,10.721668968200683,92.4494677734375,75.37654731750489,2.9174906253814696,22.552376810709635,12.349591307516272,112.51703677707248,0.5439212930428672,75.37720709906684,0.4425147977531196,0.4764581869290232,4.274491344486271,27.96550804000717,15.114294748747255,124.74203580564206,0.19057086055097983,75.40407129236169,0.06393466461918644,0.09940357852882704
80,8100,1.3043135261535646,10.965381937026978,92.85202980041504,75.36508026123047,2.8056533124711778,20.820769288804797,14.355537419080257,110.19970465766059,0.5881939564300773,75.35066918267144,0.3994225337014324,0.46029515108924807,4.1683012773324775,26.90304708051252,16.83311892139294,123.13030607206328,0.21755183186594718,75.38575229129276,0.06311166521008306,0.10621982391366089
81,8200,1.2900135439634324,10.782066679000854,92.56075523376465,75.32862060546876,2.8753797001308863,20.72146644592285,14.825439957614806,110.41864386664497,0.5382993675333801,75.32027825249565,0.37472961753984,0.42867182009838367,4.184814697987324,27.018063261702252,17.424260533374287,123.30523179887652,0.2010792388525987,75.36309498280018,0.048584075026977244,0.0897472309003124
82,8300,1.2632675403356552,10.968075633049011,92.41690162658692,75.13248851776123,2.952967325846354,22.25792910257975,12.652918251634638,112.3043443467882,0.5706254392129304,75.28157874213325,0.44603781278623483,0.47716092761770906,4.252213220338564,27.17526587065276,16.131586856503223,123.77115308057081,0.20903152513490486,75.33482085906708,0.07201232307449063,0.10962794660607782
83,8400,1.290956814289093,10.769533133506775,92.46901748657227,75.24470039367675,2.8452220492892795,20.789043129814996,14.32731758845704,110.2725090874566,0.5488404778636683,75.25735507541232,0.3846434874666961,0.42375263527758256,4.199355002996084,26.13787754161938,18.183335785680022,122.45058757335217,0.2272081794944618,75.31593480840459,0.06031622237439118,0.10905992615734167
84,8500,1.2534116107225417,10.74399387359619,92.18212615966797,75.17107376098633,2.8755403677622478,21.084890577528213,14.03328450635841,110.58932851155599,0.5137034434293746,75.12673611111111,0.3815773742736583,0.4146170063246662,4.265776271218652,27.058412431596636,16.559124283170764,123.5967845057582,0.2084635046861687,75.20949018323743,0.06610618598005284,0.11587617154217551
85,8600,1.2330830419063568,10.65832173347473,91.82127136230469,74.9975340270996,2.799275255203247,21.92593421936035,12.29072874935221,110.86767391628689,0.5186226282501757,74.94536404079861,0.4180555130685944,0.4497540407589599,4.247592416969505,28.678633371988933,14.988292088269338,124.995403186695,0.1962510650383414,75.07880752151077,0.08054018088941604,0.11417211019596706
86,8700,1.243054062128067,10.840074472427368,91.81327171325684,74.75792678833008,2.7994266086154513,21.64204635620117,14.229358225004688,110.36064114040799,0.5298664792691496,74.72146165635851,0.37721060169417964,0.40688685874912156,4.242198931204306,28.052993087081223,17.83606467843126,124.16506717441318,0.24453280318091453,74.90107981363933,0.08000543914821628,0.13178074410678783
87,8800,1.2278820180892944,10.8234730052948,91.22200164794921,74.25911869049072,2.88469926516215,23.555825508965388,13.702959654808295,112.24820454915364,0.5411103302881237,74.26888224283854,0.4220876152701492,0.46380885453267745,4.308412180290566,29.335989840395815,15.97614086496761,125.33705627166474,0.18545867651235445,74.45900540738492,0.06682410722097937,0.11047997727918205
88,8900,1.2506009566783904,10.915575189590454,91.17754966735839,74.0089697265625,2.9267902692159016,22.04743389553494,13.693125976430927,110.72627699110242,0.5453267744202389,74.04489220513238,0.43855961402330557,0.4729444834855938,4.390109218992628,29.491146242296374,15.305162222434225,125.71369954702017,0.15393354160749786,74.27200702289203,0.05895209239257852,0.08719113888099972
89,9000,1.2584467989206314,10.819350028038025,90.87686042785644,73.76527610778808,2.9183590253194174,22.445984225802952,15.730224118915846,110.76735348171658,0.5523541813070977,73.72957543267144,0.37319282081303573,0.4307800421644413,4.323150177259703,29.822193042652028,18.251266845131106,125.45855554804072,0.24680488497585912,74.02061146229236,0.06267157363550883,0.11843226356148821
90,9100,1.248452855348587,10.777700672149658,90.55205406188965,73.53208862304687,2.7831241342756483,23.403542688157824,14.879050065648702,110.83118642171225,0.5713281799016163,73.51202409532335,0.4077559411365392,0.4567814476458187,4.188238517658131,29.30173636771537,18.154241321445337,124.03963903478675,0.253621130360693,73.79671058998451,0.058950792710699744,0.11047997727918205
91,9200,1.2520714408159257,10.815872530937195,90.66286323547364,73.58663330078124,2.8187436368730334,21.75773557027181,13.213677795540438,109.654958597819,0.5748418833450457,73.80350494384766,0.44193295011684314,0.4968376669009136,4.2884469869974495,28.757977889464783,16.37032727126747,124.31249635713594,0.1698381141721102,74.1122839300482,0.05101802449311114,0.08321499573984663
92,9300,1.2268424755334855,10.795706715583801,90.37582969665527,73.44591033935546,2.8010672251383464,20.844599872165254,13.887927618044225,108.42741343180339,0.5488404778636683,73.57747819688585,0.3932639423460094,0.4427266338721012,4.226248756185308,27.53379486702584,17.536362175897793,122.55768296525285,0.1934109627946606,73.89264404021942,0.0470180614694257,0.07952286282306163
93,9400,1.2510471326112746,10.684127397537232,90.3610971069336,73.42173400878906,2.746243355009291,21.420369805230035,14.774856365280382,108.6112536960178,0.5467322557976106,73.45966729058159,0.38500317908901266,0.4230498945888967,4.226731644020425,27.74318399515238,18.102677209845215,122.68475355543532,0.21329167850042602,73.80791129722252,0.05212840702587145,0.09201931269525702
94,9500,1.2794324111938478,10.96612859249115,90.7841860961914,73.42089492797851,2.9036847670873005,21.67114755842421,12.899363567132841,109.72392103407118,0.49402670414617006,73.53434906005859,0.3954386932447327,0.43007730147575546,4.32305839899424,28.578085237795168,15.295850076516876,124.05105577073655,0.1735302470888952,73.85767859381599,0.06431892628325037,0.08804316955410395
95,9600,1.249955558180809,10.69042986869812,90.41536918640136,73.47516128540039,2.904212368859185,23.02540202670627,12.053558306418887,110.87623358832465,0.5214335910049192,73.32976972791883,0.4336328787404198,0.4617006324666198,4.26157496641348,29.16280785981599,14.360865868008194,124.14588928222656,0.18631070718545867,73.6752062960788,0.06522397570442,0.09627946606077818
96,9700,1.2112729048728943,10.472971515655518,89.76403144836426,73.23469573974609,2.9375497235192194,22.459360207451713,11.968507084950385,110.71347978379991,0.5235418130709768,73.56637098524305,0.4287163344257309,0.4595924104005622,4.381977891062831,29.699510316591006,13.976804201683162,125.53998551927171,0.13717693836978131,73.93058680628872,0.06654338463347874,0.08917921045157626
97,9800,1.1811695593595504,10.294176836013794,89.44605453491211,73.24602989196778,2.7776998387442693,20.933266576131185,13.852559508381487,108.37250654432509,0.534082923401265,73.55074022081163,0.38720873730222916,0.43218552354181305,4.260793449642422,28.132793770180093,17.065024195951526,123.30950962101016,0.2110195967054814,73.87274871001372,0.052721655684200126,0.08690712865663164
98,9900,1.1594522339105606,10.38228877067566,89.46890502929688,73.28935539245606,2.8849756081899005,22.139593421088325,13.95715959760311,109.77656758626303,0.5425158116654955,73.21209581163194,0.40874129490912287,0.4560787069571328,4.216828125017184,28.39173526592083,17.39636734029475,123.07647670711484,0.1820505538199375,73.60060167742205,0.06019477407223174,0.09599545583641012
99,10000,1.1776652014255524,10.432889323234559,89.58084716796876,73.25963165283203,2.7962382210625543,22.09111997816298,12.986578551181072,109.52800598144532,0.5769501054111033,73.45569576687284,0.44961259714810875,0.49121574139142654,4.29282825057571,28.29207351615837,15.80370038471302,123.59841637138848,0.16813405282590174,73.84220185150971,0.052438820918319126,0.08463504686168702
100,10100,1.107295473217964,9.890648407936096,88.64130004882813,73.21417495727539,2.752471489376492,19.992276424831815,13.814431240144586,107.15746324327257,0.5488404778636683,73.40282830132378,0.4082307558735954,0.45186226282501757,4.230740751232113,26.850417644053966,17.229437068344385,121.77237646429388,0.21953990343652371,73.76825514784804,0.0646704695184026,0.10451576256745243
101,10200,1.0482443940639496,9.50429669380188,87.89367691040039,73.14815811157227,2.767407457033793,20.692905616760253,12.783093135133315,107.88096940782336,0.5706254392129304,73.35102725558811,0.4424042116842336,0.47786366830639493,4.256605206309138,27.25276842203226,15.932194790629028,122.28837860382355,0.1823345640443056,73.75258409654772,0.06075622597101147,0.08889520022720818
102,10300,1.0466529822349548,9.436593437194825,87.91734657287597,73.24748817443847,2.8275634765625,20.623914570278593,13.799044123452155,108.01398451063368,0.5558678847505271,73.25225304497613,0.4052087656254296,0.45256500351370343,4.257935934238605,27.314111847061294,17.62649098116625,122.24138565750809,0.19937517750639022,73.63759324357316,0.05517700775778921,0.09656347628514626
103,10400,1.072636343240738,9.438584580421448,88.05762886047363,73.25586250305176,2.7006445513831245,20.343495305379232,13.376782305382454,107.14701283772787,0.5593815881939564,73.30029500325521,0.4168320313746735,0.45537596626844695,4.253708772831135,27.60699308240736,16.890362649816996,122.53470742165506,0.18091451292246521,73.65916992737367,0.054023813484077816,0.09088327179778471
104,10500,0.9793696409463882,9.16226037979126,87.1440648651123,73.0849560546875,2.711033240954081,20.65874106089274,13.064885873611155,107.43907962375216,0.5945186226282502,73.2251714070638,0.45721161800719623,0.49754040758959944,4.23880402247111,27.757086246937245,16.039148252544802,122.5485610961914,0.18687872763419483,73.59745424287813,0.06791922289139844,0.10252769099687589
105,10600,0.9986351343989373,9.432134885787963,87.50483306884766,73.07952239990234,2.654277287589179,20.16673666636149,12.841744182772603,106.64600236680772,0.6057624736472241,73.20787963867187,0.4850555897326071,0.5298664792691496,4.230312521393235,27.388677322112763,15.977591159123168,122.12037019471865,0.1908548707753479,73.58012974369633,0.07036146782301661,0.10252769099687589
106,10700,0.9347574791312218,8.837158031463623,86.71723976135254,73.20629425048828,2.6917234235339693,20.36115050845676,13.102398711090574,107.03318617078993,0.5959241040056219,73.21341857910156,0.4691911560279594,0.5073787772312017,4.260853778134595,27.218261461000186,16.041120927789866,122.09425030957472,0.18631070718545867,73.57171960779138,0.06767979226041097,0.10820789548423743
107,10800,0.9719337689876556,8.795712275505066,86.84373878479003,73.18835693359375,2.674586730533176,21.0198543548584,13.094455284982862,107.56107059054905,0.5910049191848208,73.16828308105468,0.4610894273883456,0.5024595924104006,4.223687045209043,27.689831742295272,15.74959897909708,122.36185661522117,0.17580232888383981,73.55358976072019,0.06327619678182377,0.10224368077250781
108,10900,0.9495888036489487,9.034343190193177,86.93505180358886,73.15276443481446,2.765287274784512,21.706355836656357,13.306669823056302,108.749732293023,0.5516514406184118,73.21694013807509,0.40693282573450484,0.4476458186929023,4.283983761125857,27.630988816957217,16.262010591047098,122.61141012380789,0.18034649247372905,73.5605019921655,0.05748392111286841,0.09315535359272933
109,11000,0.9682797694206238,8.745385823249817,86.59181343078613,73.00502876281739,2.7000587516360812,20.81422576904297,12.983881631269485,107.50906270345052,0.573436401967674,73.19454311794705,0.4436954117892514,0.4884047786366831,4.262667928730045,27.938190769504857,15.936636508449626,122.83601509987771,0.1848906560636183,73.58448413470843,0.06161384548382034,0.09826753763135473
110,11100,0.9687975624203682,8.861285843849181,86.80144157409669,73.09616798400879,2.6492648363113402,21.22924478318956,12.95381987446745,107.57705756293403,0.5973295853829936,73.1014892578125,0.4700332014334263,0.5045678144764582,4.257776159423965,27.678636980486345,15.74092501411882,122.47797758085234,0.1936949730190287,73.51045983116906,0.07432385931879533,0.11701221243964782
111,11200,0.9450819769501686,8.733374786376952,86.49826957702636,73.0394847869873,2.5951128085454305,20.363919893900555,13.358145343709895,106.49785478379991,0.5966268446943078,73.1583718193902,0.46646611298399443,0.5108924806746311,4.29321787164018,27.549166206840997,16.62709935973372,122.54118003501549,0.18432263561488213,73.5259246138839,0.06496012642896441,0.10962794660607782
112,11300,0.9116566425561905,8.693233633041382,86.19294723510743,72.94143028259278,2.597246464093526,21.234602313571507,12.984399130530532,107.33764071994358,0.5888966971187631,73.11680586073133,0.45819032826644146,0.5010541110330288,4.280692927472226,28.425910142090945,15.93643875768979,123.33286292273719,0.1908548707753479,73.5034882828996,0.06676454706921078,0.10195967054813973
113,11400,0.8873149973154068,8.635163142681122,85.97185501098633,72.90011653900146,2.677066585752699,20.226752281188965,12.502536417417346,106.7995602077908,0.5635980323260716,73.18747507731119,0.4555901340232276,0.49121574139142654,4.3215652478707804,27.94172902150197,15.821547578077436,123.11632056708808,0.16131780744106788,73.56676483154297,0.05803520614311172,0.0886111900028401
114,11500,0.9272094243764877,8.612565340995788,86.4057666015625,73.15715461730957,2.644695668750339,20.952438460456,13.575965727330239,107.36739484998915,0.5783555867884751,73.1914779663086,0.43192665349938286,0.47716092761770906,4.23646151052939,28.248402140162014,17.005587968630458,122.9848145493516,0.22919625106503835,73.55410498541755,0.07746402159131983,0.1312127236580517
115,11600,0.9324139699339866,8.896440682411194,86.60559936523437,73.04708847045899,2.6288464095857407,20.908358022901748,13.132908650311826,107.19188012017145,0.6099789177793394,73.13929019504123,0.4801440360202556,0.5242445537596627,4.288918331936673,28.178238877305038,15.951241417312897,123.1666467340143,0.17921045157625676,73.54381664379223,0.06726425669762906,0.10252769099687589
116,11700,0.9578577935695648,8.678728947639465,86.54979293823243,73.08177513122558,2.614395793279012,19.51890837351481,13.048525387456873,105.73544650607639,0.6148981026001406,73.14455939398871,0.49045373036732903,0.5270555165144062,4.270843456457327,26.829312831431896,16.029248206964137,121.72520453650672,0.16330587901164442,73.54167457099433,0.0602441466973001,0.09684748650951434
117,11800,0.9491865581274033,8.858712997436523,86.70675071716309,73.10210510253906,2.6402740637461344,19.680960252549912,13.01701161001253,106.0600357055664,0.6043569922698524,73.17770487467448,0.48746145587390916,0.5270555165144062,4.290685355126321,27.307358801901877,16.09554086250137,122.2971553630657,0.15677364385117865,73.53636973613017,0.05692247733819218,0.09173530247088896
118,11900,0.9100789004564285,8.586779050827026,86.19788528442383,73.06071189880372,2.6332779672410753,20.879334470960828,12.982137975541328,107.17409142388237,0.5924104005621925,73.12836693657769,0.47146561179104096,0.5108924806746311,4.290774807199702,27.971773096033044,15.82430935730324,122.94774448979008,0.1749502982107356,73.5220968572943,0.06273132297189277,0.09258733314399319
119,12000,0.8727068734169007,8.400691242218018,85.82732269287109,73.06309761047363,2.669147663646274,20.657399325900606,12.78642702716042,107.172166273329,0.5888966971187631,73.16902872721354,0.4702959574468472,0.5073787772312017,4.310629327017982,28.661098720791102,15.985145998173449,123.74723176698427,0.15648963362681056,73.53298634022205,0.06223927331706397,0.09201931269525702
120,12100,0.9789705219864845,8.905807480812072,86.98873191833496,73.18807151794434,2.6538826174206203,21.415399233500164,13.170998015988838,107.77882961697048,0.5973295853829936,73.0940171983507,0.46792115382904487,0.5073787772312017,4.249253994709736,27.667742067629153,16.007429994676187,122.4002159737252,0.18375461516614597,73.48620371775584,0.06627432935488925,0.09684748650951434
121,12200,0.8763174021244049,8.412952671051025,85.4519132232666,72.65737339019775,2.625027796957228,21.492871284484863,12.464058289986381,107.72236158582899,0.5973295853829936,73.10435061984592,0.49440790737514584,0.5256500351370345,4.244431319537464,28.919171341904647,15.09465083037675,123.61166017549532,0.17807441067878443,73.47033162159963,0.06924557739328356,0.10281170122124396
122,12300,0.8718831950426101,8.479481649398803,85.74233139038085,72.90343383789063,2.640604321161906,21.676124403211805,12.861894272642676,107.99342651367188,0.5980323260716796,73.114279683431,0.4797133982194128,0.5207308503162333,4.250214220167281,28.282678827509148,15.69613895270496,123.04474385579427,0.17637034933257598,73.51099354511983,0.07075493495312069,0.10905992615734167
123,12400,0.9018354058265686,8.68849019050598,86.29912315368652,73.10145538330079,2.6708301252788966,20.772978846232096,12.348056906410424,107.29896765814887,0.6057624736472241,73.17183888753256,0.4909076372433916,0.5270555165144062,4.281643979184262,27.495721920116527,14.955740194200718,122.45794499027836,0.1794944618006248,73.55400257282429,0.067877924265354,0.09457540471456972
124,12500,0.9625650125741959,8.720825505256652,86.54586685180664,73.01221710205078,2.6138000064425997,20.883166058858237,12.195927129114011,107.07942572699653,0.6113843991567112,73.12725965711806,0.5108980977857431,0.5397048489107519,4.298227735467859,28.30061627293492,14.8921007317698,123.30071182938309,0.14910536779324055,73.50895690917969,0.05915558056220923,0.07838682192558932
125,12600,0.898877180814743,8.469073274135589,85.88283073425293,72.91937187194824,2.6285149309370253,19.97487261030409,13.270872622527392,106.28861253526476,0.6001405481377372,73.17116529676649,0.4647487916280703,0.5101897399859452,4.263238120723415,27.254234709181226,16.18440634193749,122.10783131917317,0.18290258449304175,73.53740547798775,0.0664776015914861,0.09684748650951434
126,12700,0.909909895658493,8.766102919578552,86.29290252685547,72.97725002288819,2.628748008939955,21.209703487820097,12.670561864568679,107.44035983615451,0.5987350667603655,73.086915757921,0.48371423284638226,0.5179198875614898,4.284432041752446,27.861861959234016,15.632517727925832,122.76056121276305,0.1871627378585629,73.4765391994167,0.06948043801492028,0.10337972166998012
127,12800,0.8837685763835907,8.476924600601196,85.91936660766602,73.0235984802246,2.5932416253619723,20.434766557481552,12.891482623884537,106.4833721584744,0.60646521433591,73.0823972913954,0.482694591610003,0.5228390723822909,4.29083294267053,27.953178526044965,16.01958972850857,122.88107134844806,0.17040613462084636,73.4737285579647,0.06943550370848221,0.09997159897756319
128,12900,0.9007502174377442,8.661790347099304,86.14194686889648,72.97640548706055,2.6162717474831476,21.631536144680446,13.450088119618698,107.70735744900173,0.5888966971187631,72.99446326361762,0.4555349837827606,0.5059732958538299,4.204114810840504,28.671878780330623,17.14493107925372,123.10447644757795,0.23033229196251065,73.41202393952791,0.07582769069259765,0.12496449872195399
129,13000,0.8961392572522163,8.516624412536622,85.93450897216798,72.93718841552734,2.630519840452406,20.703300285339356,14.058344376341902,106.94611189100478,0.5867884750527056,73.09021233452691,0.42968667547184797,0.48418833450456783,4.257842338836945,27.463245288745778,17.327455011653893,122.2184195991035,0.19454700369213293,73.46596286533115,0.06033379665422235,0.09911956830445896
130,13100,0.8923782846331596,8.754447722434998,86.27260734558105,73.05626838684083,2.660958578851488,20.56164894104004,12.451993643552264,106.9098636203342,0.6015460295151089,73.04342278374565,0.4992216743140178,0.5368938861560084,4.2985102249695375,27.975210670952325,15.14023024851322,122.9071385838964,0.1533655211587617,73.43937655612154,0.06401787794574358,0.09145129224652088
131,13200,0.8821792024374008,8.521962752342224,85.93025489807128,72.99739601135254,2.605260978804694,20.040364943610296,13.641124281377376,106.10749884711372,0.6134926212227688,73.04082811143664,0.47958950988979065,0.5263527758257203,4.269303450713286,27.17505269437223,17.091830051651357,121.98842875162761,0.17267821641579098,73.4668576352231,0.056436036232183975,0.09145129224652088
132,13300,0.8653308317065239,8.416296944618225,85.51431518554688,72.77136367797851,2.572904422548082,20.534299490186903,12.472549666378121,106.4400416056315,0.5769501054111033,73.04122161865234,0.4716484691490528,0.5059732958538299,4.253982217462213,27.915527756149704,15.561504581009116,122.58522748517561,0.18801476853166715,73.39978852143159,0.07518362136539501,0.1099119568304459
133,13400,0.9042432451248169,8.510310583114624,86.00422103881836,72.97269454956054,2.5524423175387914,19.61151140001085,13.462688306487411,105.42456495496961,0.623330990864371,73.05084245469835,0.4867559425788499,0.534082923401265,4.250043147319072,27.58944595611847,16.83134841272059,122.26306997763145,0.19255893212155636,73.42340857703407,0.06466455711251086,0.10423175234308435
134,13500,0.8667612725496292,8.229783833026886,85.31950256347656,72.75591236114502,2.5921994871563383,20.435083537631563,13.46958290526214,106.44821404351129,0.5917076598735067,73.05213300916884,0.44599626257077984,0.49402670414617006,4.229289475861971,27.453047039272548,16.759200428983355,122.07405495858407,0.21442771939789831,73.47456043690174,0.0774712148974482,0.1272365805168986
135,13600,0.8587984135746956,8.186929483413696,85.58432266235351,73.1034014892578,2.5943995396296184,20.988020515441896,12.207369672341487,107.08736267089844,0.5980323260716796,73.12734476725261,0.49666235879207543,0.5361911454673226,4.269157136882748,28.07250112241453,14.721866112377487,122.93600807533608,0.17381425731326328,73.51772115896414,0.06768690533205503,0.09599545583641012
136,13700,0.8930045717954636,8.474711492061616,85.81114837646484,72.87141452789307,2.6143950912687512,20.555774455600314,13.400036053984369,106.71090308295356,0.5987350667603655,73.0831532796224,0.4655770847422433,0.5122979620520028,4.2101398588300825,27.290147506438934,16.491808078569488,121.81998491716814,0.19539903436523715,73.47913814235378,0.06859019981554126,0.10650383413802897
137,13800,0.8141053760051727,8.20047449350357,84.92641754150391,72.65541633605957,2.5361568768819174,21.17541412777371,13.167068948752178,106.87208234998914,0.5888966971187631,73.01588321261936,0.44985199327378816,0.500351370344343,4.2591330253326145,28.725470912349117,16.72932671815738,123.43285802892737,0.22777619994319795,73.41172213167758,0.07872092145260724,0.12524850894632206
138,13900,0.8567397823929787,8.360913310050964,85.68218971252442,73.03757736206055,2.5898940351274278,20.9651922861735,12.631430542035638,107.01773512098524,0.5762473647224174,73.10307328965929,0.477527536790621,0.5193253689388616,4.341442421749905,28.376066912401903,14.629930109166397,123.57413599512599,0.17211019596705482,73.49085737348676,0.07059600932895968,0.09429139449020164
139,14000,0.8415490347146988,8.198788132667541,85.34384887695313,72.93731533050537,2.5693266100353664,20.339421039157443,13.314603958403616,106.24789004855685,0.5888966971187631,73.06183641221789,0.46260189662243467,0.5073787772312017,4.23226649481971,27.492054037145667,16.065574114117027,122.10881365526903,0.1885827889804033,73.45542722134977,0.06422609216403369,0.09429139449020164
140,14100,0.8245333996415138,8.178875441551208,85.02947868347168,72.72793640136719,2.540468282169766,21.713124889797633,12.554492509073626,107.42654130723741,0.6099789177793394,73.01107499864366,0.48815785505317694,0.5305692199578356,4.279948142197755,29.14151822339307,15.430743084810462,123.94182600416579,0.18545867651235445,73.40056692587363,0.07203278498002734,0.10707185458676512
141,14200,0.8728881153464317,8.433776614665986,85.6478742980957,72.84965682983399,2.575936852561103,21.531720945570203,12.662215685654349,107.42469363742404,0.6029515108924807,73.01328854031033,0.4820494926830174,0.5256500351370345,4.251847746135952,28.61626382776209,15.584209842181032,123.26600262066266,0.21669980119284293,73.39050018035614,0.081226136083933,0.12326043737574553
142,14300,0.8984530687332153,8.251862564086913,85.81382453918457,73.06969688415528,2.56248115433587,20.694709248012966,13.122415837950342,106.55355292426215,0.6184118060435699,73.0464380900065,0.48491782769576913,0.5319747013352073,4.26581183424941,27.208323779406847,16.525181741401923,121.96920425827439,0.21016756603237716,73.43182077493753,0.07750135254047547,0.1187162737858563
143,14400,0.803823409974575,8.104203910827637,84.89613624572753,72.77281539916993,2.6589464479022555,20.6184289932251,12.743660915931628,106.98751424153646,0.5931131412508784,73.07435268825955,0.480044451379011,0.516514406184118,4.261722680684683,27.8558954634108,15.439967163524786,122.59320927525425,0.19028685032661175,73.42870069624067,0.07681974186248344,0.10621982391366089
144,14500,0.8402962529659271,8.146783027648926,85.40196830749511,73.05370391845703,2.6136972612804836,21.625513797336154,12.647275306118047,107.73408508300781,0.5888966971187631,73.04008551703559,0.47244363473011036,0.5144061841180604,4.244042748803491,28.167379173072607,15.377495825809888,122.8102673367337,0.23004828173814257,73.4226742993604,0.0836292825467729,0.1187162737858563
145,14600,0.8666072943806649,8.291393218040467,85.59260215759278,72.96817260742188,2.553934531741672,21.037997860378688,12.677618004844431,106.82023518880209,0.6261419536191145,73.01256510416667,0.5023056338448699,0.5432185523541813,4.287264340632671,28.8941927557593,15.763096840220346,123.74560794314823,0.22436807725078103,73.41509343052769,0.0759951422066008,0.10621982391366089
146,14700,0.8443693140149117,8.399461835622787,85.46971572875977,72.84840713500977,2.630259034368727,20.247815619574652,12.725302722020556,106.47351667616103,0.6106816584680252,73.07440541585287,0.49489354416034625,0.5368938861560084,4.336455435366244,27.93750728572811,15.519215681938011,123.1146577027467,0.17921045157625676,73.49487311560829,0.06530453061387374,0.0911672820221528
147,14800,0.8598327273130417,8.107161319255829,85.34709999084473,72.94077514648437,2.5484130806393095,20.962333297729494,13.049382232589794,106.78211347791884,0.5846802529866479,73.07771487765842,0.45069418503202346,0.49964862965565704,4.263368338077992,29.14927456829999,16.028763165258415,123.91499782252956,0.23033229196251065,73.44888154450838,0.08456970276660748,0.12496449872195399
148,14900,0.8430390639603138,8.281887917518615,85.47377334594727,72.97668991088867,2.5173496034410263,20.1239072587755,12.617977823170337,105.7798570421007,0.6078706957132818,73.06920047336155,0.5050480791851178,0.5481377371749825,4.234851057465012,28.371249946388037,15.627860865538445,122.9884205723668,0.22777619994319795,73.44291577038464,0.0895746659846577,0.12581652939505822
149,15000,0.8479085436463356,8.230971488952637,85.48242378234863,73.01190925598145,2.6344293620851307,20.41556708017985,12.64047468210851,106.65401746961805,0.6113843991567112,73.06630418565538,0.5026430207915629,0.5467322557976106,4.292132873792906,27.884864480645806,15.224503524876814,122.81818939758851,0.205907412666856,73.47266016779719,0.08094249067698801,0.10593581368929282
150,15100,0.7713737525045872,8.223345875740051,85.00141723632812,72.92120231628418,2.550729775428772,21.457914225260417,13.180066767523735,107.17798885769314,0.607167955024596,72.96642523871527,0.47391453008669654,0.5151089248067463,4.233005461392102,28.573453233048724,16.29753944166915,123.1161195222322,0.23260437375745527,73.37763860204198,0.08702063858774775,0.13632490769667707
151,15200,0.8204480513930321,8.28699806690216,85.2181583404541,72.82891944885255,2.628222041659885,21.08934824201796,12.028550498852494,107.26028730604384,0.5952213633169361,73.02982923719618,0.49892496576400996,0.5319747013352073,4.288982823088363,28.498109989338094,14.920612073433318,123.3668825991519,0.18432263561488213,73.42385871131141,0.08022008002312232,0.10905992615734167
152,15300,0.8414266222715377,8.379377391338348,85.44879905700684,72.8622885131836,2.6112837579515245,20.550151040818957,13.040391202725623,106.64619276258681,0.6141953619114546,73.0396236843533,0.48854198345574473,0.534082923401265,4.263383977048032,28.024199580287075,15.889056825247357,122.75011629671664,0.22380005680204487,73.40899706316424,0.08644978418188827,0.13064470320931554
153,15400,0.8384726443886756,8.349795260429381,85.43008003234863,72.88792129516601,2.545953883065118,20.790920596652562,12.65599426922271,106.49411265055339,0.5910049191848208,72.97342308892144,0.4777183151480443,0.5137034434293746,4.216041264233288,28.016364930986285,15.484624171278467,122.48385372677365,0.21556376029537064,73.38728311899546,0.08306089604332736,0.12184038625390514
154,15500,0.8653629380464554,8.063674955368041,85.15136070251465,72.76087100982666,2.6145456499523587,20.43678421444363,12.6764462440237,106.50497063530815,0.6324666198172875,72.99545796712239,0.521757562384969,0.5593815881939564,4.242065921560064,27.70901664527687,15.53248813357798,122.30956275183875,0.1820505538199375,73.3902165180928,0.06869307410522092,0.09997159897756319
155,15600,0.8059044550359249,8.076367349624634,85.05957267761231,72.95368278503418,2.6198047373029922,19.60992857615153,12.547830578653153,105.76559363471137,0.6120871398453971,73.056640625,0.5049067731817538,0.5411103302881237,4.304285148242572,27.61219189618085,15.445574043375306,122.58772319072001,0.18063050269809713,73.45410554903047,0.06373612666916925,0.0897472309003124
156,15700,0.8172714507579804,8.089049971103668,85.16029731750488,72.98489044189454,2.5894818597369724,20.520154847039116,12.815336616967903,106.5165052625868,0.6170063246661982,73.04894188774956,0.5055667074908657,0.5439212930428672,4.257863702000798,27.84049250628497,16.267096483398426,122.56082833779824,0.21897188298778755,73.43101755777995,0.08917545304174865,0.13689292814541323
157,15800,0.8217260116338729,8.109990082979202,85.04723121643066,72.82861095428467,2.5456993023554486,20.761638387044272,13.16830045306004,106.53543209499783,0.6170063246661982,73.04529758029514,0.48230476010423756,0.5179198875614898,4.24901446780643,28.201229129825627,16.139260782491608,122.89133556469066,0.20420335132064754,73.44503399273297,0.07928568503876661,0.12326043737574553
158,15900,0.8125092938542366,7.978940036296844,84.92027297973632,72.87878616333008,2.5910563574896917,20.426873122321236,13.071828114102246,106.40052100287544,0.6156008432888265,73.01836564805772,0.49226613268001,0.533380182712579,4.274136889088261,27.954613402083112,16.187035985345137,122.72047644262915,0.1772223800056802,73.39517796146977,0.0691618611425599,0.09997159897756319
159,16000,0.8570181509852409,8.325724143981933,85.51808799743652,72.90727294921875,2.695893759197659,21.061546919080946,12.052686466917837,107.53124050564236,0.5797610681658468,72.99022471110025,0.48244217295424846,0.5094869992972593,4.275610141925983,28.201123778884476,15.368689267231609,122.99683517593522,0.19199091167282023,73.41766041248768,0.08235034167112577,0.10792388525986936
160,16100,0.8002904018759728,7.976258294582367,85.01192245483398,73.03421203613281,2.5436919848124186,21.22888641357422,12.433564830410281,106.95616845024956,0.6134926212227688,73.00882263183594,0.5108887111839757,0.5425158116654955,4.244185894459218,28.695230277808935,16.401699358771474,123.311350916957,0.23885259869355296,73.3951916393933,0.08148710799126653,0.12240840670264129
161,16200,0.800286169052124,8.121509399414062,85.0251927947998,72.9022526550293,2.4825582981109617,19.64804524315728,12.997353333453141,105.0501461452908,0.6317638791286015,72.98930935329861,0.5173719552215709,0.5544624033731553,4.225713046821388,27.82963005272118,16.86402138687047,122.35308239911053,0.2399886395910253,73.39488735714474,0.08559803127707226,0.13916500994035785
162,16300,0.7925229838490486,8.367067060470582,85.06489349365235,72.73521125793457,2.55082745552063,20.25866567823622,13.54497724535261,106.0045647515191,0.6057624736472241,72.99176194932726,0.4583489958835058,0.49754040758959944,4.248473975035521,27.94815611624503,17.200126804412474,122.56204257999454,0.2672536211303607,73.37151673463013,0.08450931750119388,0.13774495881851748
163,16400,0.7991536924242973,7.871855261325837,84.58079887390137,72.71317497253418,2.608253982332018,20.659556028578017,13.356356436488296,106.68592308892144,0.6057624736472241,72.98509758843316,0.4787802322213509,0.5186226282501757,4.254276080174489,29.11699258958971,16.28851151429671,123.74725066863739,0.19994319795512638,73.3588776459565,0.07908612704509785,0.1136040897472309
164,16500,0.8031694629788398,8.273462295532227,85.15429397583007,72.86498435974121,2.55417890018887,20.508175002204048,12.881672995770401,106.30489891899957,0.5945186226282502,73.02582939995659,0.4809850483292013,0.5151089248067463,4.255334860569722,28.677541543771554,15.958351299058034,123.3799531266496,0.23629650667424026,73.42573705449834,0.09854186260511964,0.14654927577392787
165,16600,0.7794350522756577,7.704277021884918,84.3753044128418,72.77385223388671,2.516024226612515,20.550029521518283,13.33467548175949,106.14622955322265,0.6226282501756851,73.01607818603516,0.49568736098887567,0.5326774420238932,4.242903428034739,28.03328747792287,16.768970678578132,122.65949606680655,0.2135756887247941,73.41169092676661,0.06644677122139353,0.09684748650951434
166,16700,0.7965079107880593,8.070521373748779,84.79920379638672,72.74614246368408,2.5919210619396633,21.335507562425402,12.940692611248792,107.27450510660807,0.5959241040056219,72.97939181857639,0.47735100824658294,0.5186226282501757,4.241878893998292,28.32375263523411,15.77878888366887,122.89273889215143,0.19738710593581368,73.3595915098448,0.0862346540670541,0.11900028401022437
167,16800,0.7718987494707108,8.005355787277221,84.70737190246582,72.84252300262452,2.6013456318113537,21.12821911705865,12.788197813407733,107.08383568657769,0.5818692902319045,72.94888882107205,0.4679416881195178,0.5080815179198875,4.30640188423363,29.745412792171443,15.60580082606308,124.61620454530458,0.22380005680204487,73.33878298922701,0.08690651414166306,0.12666856006816246
168,16900,0.7561939741671085,7.830413842201233,84.38071174621582,72.76932792663574,2.542529757817586,21.044955931769476,12.763268769134513,106.71825595431858,0.60646521433591,72.96065148247612,0.49415977339188555,0.5305692199578356,4.2728567810745925,29.096004881300367,15.826105994827278,123.79618017523138,0.20306731042317525,73.3358913799664,0.08159325414441684,0.12013632490769667
169,17000,0.775560336112976,8.016799256801605,84.47822242736817,72.58362148284913,2.545365561379327,19.68860206604004,13.341525236362143,105.39028676350911,0.6198172874209417,72.97485656738282,0.47350693001112965,0.5207308503162333,4.232913689570384,28.030318818650805,16.517489625123503,122.56128754486909,0.22522010792388525,73.36640084756387,0.07545762511605655,0.11161601817665436
170,17100,0.786585633456707,8.058327703475952,85.0480199432373,73.0567643737793,2.536312307251824,21.30288168589274,12.688424682305438,106.9181886461046,0.583977512297962,72.93374549018012,0.45713301629467484,0.4989458889669712,4.285907120318027,29.815458572662628,15.374398705955405,124.59443836383991,0.22919625106503835,73.34944475878466,0.09830638971060134,0.13973303038909402
171,17200,0.7533471029996872,7.750532140731812,84.30207221984864,72.78480453491211,2.5029846138424343,20.998344696892634,12.810882766816329,106.44772847493489,0.6254392129304287,72.93446061876085,0.49917914739441754,0.5361911454673226,4.195050800168836,28.75334100465517,15.40649766550659,123.03261181255719,0.2286282306163022,73.30401700681394,0.09432598078467354,0.1272365805168986
172,17300,0.8410029524564743,8.263483607769013,85.33368087768555,72.86518241882324,2.47232813305325,20.795230378044977,13.187480712479049,106.18655293782552,0.6205200281096276,73.02968190511068,0.4858581622394225,0.5263527758257203,4.256385352160479,28.856789563153242,15.836404511994699,123.57886532620267,0.22124396478273217,73.44014898076787,0.08971042802881175,0.12780460096563476
173,17400,0.7651594415307045,7.9635229134559635,84.59162796020507,72.8023078918457,2.516150477197435,21.237567774454753,12.975387752426148,106.78449486626519,0.5959241040056219,72.96617448594836,0.470395268353979,0.5144061841180604,4.252822779320382,29.340165542052674,15.614383357418278,123.92834335189681,0.20193126952570292,73.32406403137757,0.08362328964512547,0.11843226356148821
174,17500,0.7633620396256446,7.942521970272065,84.21434700012207,72.45501491546631,2.4946963946024576,20.41974076165093,13.090446057172057,105.86612209743923,0.6043569922698524,72.9728992038303,0.4679189773561102,0.5115952213633169,4.246026049863111,28.675784050881326,16.108160243209372,123.25028874852636,0.20959954558364102,73.34437382328618,0.07757195129504581,0.11076398750355013
175,17600,0.8036633282899857,8.06147475719452,84.76351272583008,72.68372100830078,2.492161835564507,20.00100173950195,13.00472182176404,105.402806769477,0.623330990864371,72.94099595811632,0.48480075924726757,0.5256500351370345,4.207572241087218,28.037597913999814,16.221670625485224,122.42340046650655,0.23033229196251065,73.34794149312887,0.0906685948204328,0.13263277477989208
176,17700,0.7976388023793697,7.717314109802246,84.320043258667,72.61453540802002,2.5458615461985272,21.321573405795625,12.478516069163895,107.03077206081814,0.5987350667603655,72.97989145914714,0.48104868556302083,0.5144061841180604,4.2067757039456755,28.764248873736406,15.432516224140418,123.13540615047421,0.22635614882135757,73.33727889877181,0.0946812865349002,0.13632490769667707
177,17800,0.755241374373436,7.955714545249939,84.49577056884766,72.76384979248047,2.558001248041789,20.69106803470188,12.62521265184213,106.43106842041016,0.5973295853829936,72.94999406602648,0.4816123807547119,0.5186226282501757,4.232872320725037,28.386902302235097,15.853934778406712,122.85855686771977,0.21811985231468334,73.30729269766593,0.08569707630080006,0.12212439647827322
178,17900,0.7279298159480095,7.904545390605927,84.31823173522949,72.77403709411621,2.5129700925615097,21.008166864183213,13.12402407777836,106.49967176649305,0.6163035839775123,72.92665388319227,0.48369132850922303,0.5312719606465214,4.245085387616544,28.636659879942197,16.037724226603757,123.15967559814453,0.22039193410962796,73.2975884514886,0.08912669330403915,0.12894064186310708
179,18000,0.8159714075922966,8.1440784907341,85.04182800292969,72.81789230346679,2.459182235929701,20.60874360402425,12.842523762737862,105.81634555392795,0.6085734364019677,72.91168992784289,0.478500796088417,0.5207308503162333,4.25600554706814,28.84246183515669,15.91878160226873,123.40203451895499,0.21925589321215563,73.27954472722234,0.08394827874868617,0.12468048849758591
180,18100,0.7956874664127827,8.038803911209106,84.69672180175782,72.67948066711426,2.505845708317227,21.05076092614068,12.444773223067694,106.50709923638237,0.6148981026001406,72.92710944281684,0.5046430591665416,0.5432185523541813,4.279860017535923,29.02304967244466,15.318013872982737,123.7269546233856,0.21527975007100256,73.30460502005913,0.0779989595209042,0.10849190570860551
181,18200,0.7379833644628525,7.847092940807342,84.21354507446289,72.67653594970703,2.506768422656589,21.212043550279404,13.142049606681567,106.66891377766927,0.6261419536191145,72.92302822536892,0.499595097993452,0.5467322557976106,4.23596615404696,28.891446087811445,16.36037846696744,123.33685770120707,0.2235160465776768,73.2655810106982,0.07879267408351424,0.11814825333712013
182,18300,0.749169664978981,7.849588087797165,84.15224300384521,72.55680637359619,2.4786252074771458,20.65943743387858,13.162238588126318,105.99299672444661,0.624033731553057,72.94043375651042,0.4810812406361861,0.5277582572030921,4.189927947413814,28.26600423589483,16.19628668085712,122.5026372273763,0.2209599545583641,73.28699349068306,0.08394091864650488,0.12411246804884976
183,18400,0.7565378546714783,8.00112057685852,84.66713981628418,72.88332939147949,2.532997708850437,20.346371417575412,13.406146327350337,105.97475975884332,0.6289529163738581,72.96339975992838,0.49420077270142954,0.5530569219957836,4.239813660716151,28.223976255537153,16.617263748271853,122.71626405458193,0.21669980119284293,73.29321928282042,0.09027745796730816,0.13575688724794094
184,18500,0.7500252509117127,7.786092116832733,84.38602790832519,72.84980934143067,2.5320886188083227,20.65628564622667,12.470624358590316,106.24156748453775,0.6015460295151089,72.92483859592014,0.4862989911934994,0.5263527758257203,4.215271268878971,28.106934040516347,15.129990107657266,122.44702553963876,0.20249928997443908,73.26373524708791,0.08460029716382479,0.11672820221527976
185,18600,0.7299088233709335,7.467617466449737,83.53168182373047,72.41451999664307,2.4325925244225397,20.041868866814507,12.981165873423494,105.14417470296225,0.6338721011946592,72.93934377034505,0.5023001468008476,0.5467322557976106,4.206296265662253,28.289699365426827,16.148044208933953,122.61393435366519,0.2047713717693837,73.29275333988774,0.0787628728629911,0.11559216131780745
186,18700,0.7353611724078655,7.778202648162842,83.89112098693847,72.43611248016357,2.4570687055587768,20.371677123175726,13.590812022378739,105.61904924180773,0.6289529163738581,72.96202850341797,0.4741159192920823,0.5228390723822909,4.205270719957781,28.74191851229281,16.618868670495743,123.05980881699571,0.21272365805168986,73.2915366920265,0.08239263483049297,0.12013632490769667
187,18800,0.750609299838543,7.84177729845047,84.21290016174316,72.61807662963867,2.431672692298889,19.61000838809543,13.021442031639534,104.725439453125,0.6500351370344343,72.95706702338325,0.5210654732656426,0.5685172171468728,4.240185716130712,27.760809614851667,16.40428035491505,122.30426382803702,0.19738710593581368,73.34252524161124,0.07681383080673129,0.10877591593297359
188,18900,0.7441581490635872,7.786216504573822,84.20124092102051,72.6942333984375,2.503332667880588,20.490771272447375,12.840828690572236,105.92779184977213,0.6289529163738581,72.92035725911458,0.5144049018615703,0.5530569219957836,4.224226015108126,28.479528581773913,16.033004497688868,122.86094782373927,0.18801476853166715,73.26028854782517,0.07951866829950544,0.10905992615734167
189,19000,0.7813973090052605,7.819040253162384,84.26606620788574,72.54003913879394,2.4553184694714014,20.199372227986654,13.478032413520554,105.36904975043403,0.6085734364019677,72.89308539496528,0.4717141758273189,0.5193253689388616,4.228356183112204,28.710748913051845,17.31489516877186,123.10193840233055,0.24311275205907412,73.24940834389076,0.08644631212941142,0.13632490769667707
190,19100,0.7339942552149296,7.628823056221008,83.51337890625,72.21458473205567,2.485116704305013,20.79823021358914,12.560656159019889,106.12413872612848,0.624033731553057,72.90032552083333,0.5112508748138392,0.5404075895994378,4.23921901900489,29.211717193191117,16.142871192615708,123.65705026162637,0.23317239420619143,73.24923747294658,0.0883607314057494,0.128656631638739
191,19200,0.6878843882679939,7.465791909694672,83.14666870117188,72.24145519256592,2.4951376994450887,21.943125194973415,11.763628587692942,107.32078942192925,0.6134926212227688,72.90197567409939,0.5241297410587988,0.550948699929726,4.2803640236725675,29.780104405171162,14.497967827628996,124.39490158493454,0.191138880999716,73.21297681653822,0.08068126469051946,0.10451576256745243
192,19300,0.8071381956338882,8.070997080802918,84.8521189880371,72.74543113708496,2.4817475583818225,20.388432184855144,12.91915555114869,105.73411560058594,0.6296556570625439,72.93694576687282,0.49643865929286,0.5418130709768095,4.214379484589036,28.368888906530433,16.09071057870558,122.7110065082172,0.20675944333996024,73.27022030117276,0.0789530849377465,0.11019596705481398
193,19400,0.7224890223145485,7.5692029118537905,83.76069282531738,72.5790444946289,2.5174813588460285,21.532828330993652,13.079347406204326,107.0023444281684,0.5980323260716796,72.88210923936632,0.471058727473157,0.5137034434293746,4.2539323235417275,29.193167420120925,16.280945739173447,123.66128911198797,0.20675944333996024,73.19846020947706,0.07967068005530592,0.11900028401022437
194,19500,0.7165302756428719,7.590780358314515,83.23526752471923,72.06183597564697,2.5694476922353107,21.441611374749076,12.69031653744247,107.19094729953342,0.6015460295151089,72.90209723578559,0.4820181649364488,0.5130007027406887,4.297197114239942,29.39679425901121,15.794527003035235,124.10282595522769,0.2320363533087191,73.22004610353763,0.08818893175953879,0.12326043737574553
195,19600,0.7385517531633377,7.942220578193664,84.34546966552735,72.71049018859863,2.5282241291469996,20.58214528825548,12.846723110024298,106.1106194390191,0.6170063246661982,72.8873543633355,0.4983485766424084,0.5368938861560084,4.231989458874539,28.762650962348456,16.349340461699647,123.14657338460286,0.21130360692984948,73.22397489805479,0.08575477641866257,0.12240840670264129
196,19700,0.7695415002107621,8.009599967002869,84.41844665527344,72.56113922119141,2.5159328328238595,20.652824486626518,12.603244253432512,106.09987182617188,0.6198172874209417,72.8673836602105,0.50981214811111,0.5411103302881237,4.238260065113102,27.875817204380894,16.38022203782084,122.29115632203248,0.2257881283726214,73.22403792647629,0.08904969184626874,0.1261005396194263
197,19800,0.729563752412796,7.61220475435257,83.57533409118652,72.31531047821045,2.5678779496086968,20.878604231940376,12.468537588176456,106.55879262288411,0.6057624736472241,72.84079911973741,0.503751642928493,0.534082923401265,4.232239076683113,28.620143701364327,16.035879512465932,122.96202266108882,0.21811985231468334,73.18068399515238,0.08875100941210846,0.12695257029253054
198,19900,0.7075585833191872,7.623152141571045,83.32379211425781,72.16284645080566,2.5407467391755847,20.74960191514757,12.45812798984164,106.33548227945964,0.6127898805340829,72.88214653862848,0.5116194717547706,0.5404075895994378,4.247230574891374,28.919920947100664,16.272328832956703,123.37152951902097,0.2320363533087191,73.21545568242803,0.09579089965266493,0.13462084635046861
199,20000,0.7510172873735428,7.723275640010834,83.64501033782959,72.16664863586426,2.436744811799791,20.545686594645183,12.447241319811532,105.63374972873264,0.6423049894588897,72.90433841281467,0.538481518283574,0.567814476458187,4.2707785185392915,29.251739209836668,15.954506844499342,123.80325468596037,0.22408406702641295,73.19762296934385,0.09395633818085117,0.13632490769667707
